Time,URL,Response
"1/11/26, 10:20 PM",https://www.changaneurope.com/Portals/0/adam/VehicleManagement/ItuoPcj3nkK9PJqrplTUdg/Images/3-S07-Black-roof.png?w=1920&h=960&quality=75&mode=crop&scale=both,Server error (5XX)
"1/11/26, 10:20 PM",https://www.changaneurope.com/Portals/0/adam/VehicleManagement/ItuoPcj3nkK9PJqrplTUdg/Images/2-S07-Black-Back.png?w=1920&h=960&quality=75&mode=crop&scale=both,Server error (5XX)
"1/11/26, 1:12 PM",https://www.changaneurope.com/Portals/0/adam/VehicleManagement/ItuoPcj3nkK9PJqrplTUdg/Images/3-S07-Black-roof.png?w=1920&h=960&quality=75&mode=crop&scale=both,Server error (5XX)
"1/11/26, 1:12 PM",https://www.changaneurope.com/Portals/0/adam/VehicleManagement/ItuoPcj3nkK9PJqrplTUdg/Images/2-S07-Black-Back.png?w=1920&h=960&quality=75&mode=crop&scale=both,Server error (5XX)
"1/10/26, 12:12 PM",https://www.changaneurope.com/Portals/0/adam/VehicleManagement/ItuoPcj3nkK9PJqrplTUdg/Images/3-S07-Black-roof.png?w=1920&h=960&quality=75&mode=crop&scale=both,Server error (5XX)
"1/10/26, 12:18 AM",https://www.changaneurope.com/Portals/0/adam/VehicleManagement/ItuoPcj3nkK9PJqrplTUdg/Images/3-S07-Black-roof.png?w=1920&h=960&quality=75&mode=crop&scale=both,Server error (5XX)
"1/10/26, 12:18 AM",https://www.changaneurope.com/Portals/0/adam/VehicleManagement/ItuoPcj3nkK9PJqrplTUdg/Images/2-S07-Black-Back.png?w=1920&h=960&quality=75&mode=crop&scale=both,Server error (5XX)
"1/9/26, 9:06 AM",https://www.changaneurope.com/Portals/0/adam/VehicleManagement/ItuoPcj3nkK9PJqrplTUdg/Images/2-S07-Black-Back.png?w=1920&h=960&quality=75&mode=crop&scale=both,Server error (5XX)
"1/9/26, 9:06 AM",https://www.changaneurope.com/Portals/0/adam/VehicleManagement/ItuoPcj3nkK9PJqrplTUdg/Images/3-S07-Black-roof.png?w=1920&h=960&quality=75&mode=crop&scale=both,Server error (5XX)
"1/8/26, 4:30 PM",https://www.changaneurope.com/Portals/0/adam/VehicleManagement/ItuoPcj3nkK9PJqrplTUdg/Images/3-S07-Black-roof.png?w=1920&h=960&quality=75&mode=crop&scale=both,Server error (5XX)
"1/8/26, 4:30 PM",https://www.changaneurope.com/Portals/0/adam/VehicleManagement/ItuoPcj3nkK9PJqrplTUdg/Images/2-S07-Black-Back.png?w=1920&h=960&quality=75&mode=crop&scale=both,Server error (5XX)
"1/7/26, 8:33 PM",https://www.changaneurope.com/Portals/0/adam/VehicleManagement/ItuoPcj3nkK9PJqrplTUdg/Images/3-S07-Black-roof.png?w=1920&h=960&quality=75&mode=crop&scale=both,Server error (5XX)
"1/7/26, 8:33 PM",https://www.changaneurope.com/Portals/0/adam/VehicleManagement/ItuoPcj3nkK9PJqrplTUdg/Images/2-S07-Black-Back.png?w=1920&h=960&quality=75&mode=crop&scale=both,Server error (5XX)
"1/6/26, 11:43 PM",https://www.changaneurope.com/Portals/0/adam/VehicleManagement/ItuoPcj3nkK9PJqrplTUdg/Images/3-S07-Black-roof.png?w=1920&h=960&quality=75&mode=crop&scale=both,Server error (5XX)
"1/6/26, 11:43 PM",https://www.changaneurope.com/Portals/0/adam/VehicleManagement/ItuoPcj3nkK9PJqrplTUdg/Images/2-S07-Black-Back.png?w=1920&h=960&quality=75&mode=crop&scale=both,Server error (5XX)
"1/6/26, 2:37 PM",https://www.changaneurope.com/Portals/0/adam/VehicleManagement/ItuoPcj3nkK9PJqrplTUdg/Images/2-S07-Black-Back.png?w=1920&h=960&quality=75&mode=crop&scale=both,Server error (5XX)
"1/6/26, 2:37 PM",https://www.changaneurope.com/Portals/0/adam/VehicleManagement/ItuoPcj3nkK9PJqrplTUdg/Images/3-S07-Black-roof.png?w=1920&h=960&quality=75&mode=crop&scale=both,Server error (5XX)
"1/5/26, 11:02 PM",https://www.changaneurope.com/Portals/0/adam/VehicleManagement/ItuoPcj3nkK9PJqrplTUdg/Images/2-S07-Black-Back.png?w=1920&h=960&quality=75&mode=crop&scale=both,Server error (5XX)
"1/5/26, 11:02 PM",https://www.changaneurope.com/Portals/0/adam/VehicleManagement/ItuoPcj3nkK9PJqrplTUdg/Images/3-S07-Black-roof.png?w=1920&h=960&quality=75&mode=crop&scale=both,Server error (5XX)
"1/4/26, 10:44 PM",https://www.changaneurope.com/Portals/0/adam/VehicleManagement/ItuoPcj3nkK9PJqrplTUdg/Images/2-S07-Black-Back.png?w=1920&h=960&quality=75&mode=crop&scale=both,Server error (5XX)
"1/4/26, 4:43 PM",https://www.changaneurope.com/Portals/0/adam/VehicleManagement/ItuoPcj3nkK9PJqrplTUdg/Images/3-S07-Black-roof.png?w=1920&h=960&quality=75&mode=crop&scale=both,Server error (5XX)
"1/4/26, 11:41 AM",https://www.changaneurope.com/Portals/0/adam/VehicleManagement/ItuoPcj3nkK9PJqrplTUdg/Images/2-S07-Black-Back.png?w=1920&h=960&quality=75&mode=crop&scale=both,Server error (5XX)
"1/4/26, 11:41 AM",https://www.changaneurope.com/Portals/0/adam/VehicleManagement/ItuoPcj3nkK9PJqrplTUdg/Images/3-S07-Black-roof.png?w=1920&h=960&quality=75&mode=crop&scale=both,Server error (5XX)
"1/3/26, 8:05 PM",https://www.changaneurope.com/Portals/0/adam/VehicleManagement/ItuoPcj3nkK9PJqrplTUdg/Images/2-S07-Black-Back.png?w=1920&h=960&quality=75&mode=crop&scale=both,Server error (5XX)
"1/3/26, 8:05 PM",https://www.changaneurope.com/Portals/0/adam/VehicleManagement/ItuoPcj3nkK9PJqrplTUdg/Images/3-S07-Black-roof.png?w=1920&h=960&quality=75&mode=crop&scale=both,Server error (5XX)
"1/2/26, 9:53 PM",https://www.changaneurope.com/Portals/0/adam/VehicleManagement/ItuoPcj3nkK9PJqrplTUdg/Images/3-S07-Black-roof.png?w=1920&h=960&quality=75&mode=crop&scale=both,Server error (5XX)
"1/2/26, 9:51 PM",https://www.changaneurope.com/Portals/0/adam/VehicleManagement/ItuoPcj3nkK9PJqrplTUdg/Images/2-S07-Black-Back.png?w=1920&h=960&quality=75&mode=crop&scale=both,Server error (5XX)
"1/2/26, 11:16 AM",https://www.changaneurope.com/,Server error (5XX)
"1/1/26, 8:38 PM",https://www.changaneurope.com/Portals/0/adam/VehicleManagement/ItuoPcj3nkK9PJqrplTUdg/Images/3-S07-Black-roof.png?w=1920&h=960&quality=75&mode=crop&scale=both,Server error (5XX)
"1/1/26, 8:38 PM",https://www.changaneurope.com/Portals/0/adam/VehicleManagement/ItuoPcj3nkK9PJqrplTUdg/Images/2-S07-Black-Back.png?w=1920&h=960&quality=75&mode=crop&scale=both,Server error (5XX)
"12/31/25, 9:17 PM",https://www.changaneurope.com/Portals/0/adam/VehicleManagement/ItuoPcj3nkK9PJqrplTUdg/Images/2-S07-Black-Back.png?w=1920&h=960&quality=75&mode=crop&scale=both,Server error (5XX)
"12/31/25, 9:17 PM",https://www.changaneurope.com/Portals/0/adam/VehicleManagement/ItuoPcj3nkK9PJqrplTUdg/Images/3-S07-Black-roof.png?w=1920&h=960&quality=75&mode=crop&scale=both,Server error (5XX)
"12/30/25, 10:33 PM",https://www.changaneurope.com/Portals/0/adam/VehicleManagement/ItuoPcj3nkK9PJqrplTUdg/Images/2-S07-Black-Back.png?w=1920&h=960&quality=75&mode=crop&scale=both,Server error (5XX)
"12/30/25, 10:33 PM",https://www.changaneurope.com/Portals/0/adam/VehicleManagement/ItuoPcj3nkK9PJqrplTUdg/Images/3-S07-Black-roof.png?w=1920&h=960&quality=75&mode=crop&scale=both,Server error (5XX)
"12/30/25, 4:33 PM",https://www.changaneurope.com/Portals/0/adam/VehicleManagement/ItuoPcj3nkK9PJqrplTUdg/Images/3-S07-Black-roof.png?w=1920&h=960&quality=75&mode=crop&scale=both,Server error (5XX)
"12/30/25, 4:32 PM",https://www.changaneurope.com/Portals/0/adam/VehicleManagement/ItuoPcj3nkK9PJqrplTUdg/Images/2-S07-Black-Back.png?w=1920&h=960&quality=75&mode=crop&scale=both,Server error (5XX)
"12/30/25, 12:35 AM",https://www.changaneurope.com/Portals/0/adam/VehicleManagement/ItuoPcj3nkK9PJqrplTUdg/Images/3-S07-Black-roof.png?w=1920&h=960&quality=75&mode=crop&scale=both,Server error (5XX)
"12/29/25, 11:15 PM",https://www.changaneurope.com/Portals/0/adam/VehicleManagement/ItuoPcj3nkK9PJqrplTUdg/Images/2-S07-Black-Back.png?w=1920&h=960&quality=75&mode=crop&scale=both,Server error (5XX)
"12/28/25, 8:24 PM",https://www.changaneurope.com/Portals/0/adam/VehicleManagement/ItuoPcj3nkK9PJqrplTUdg/Images/3-S07-Black-roof.png?w=1920&h=960&quality=75&mode=crop&scale=both,Server error (5XX)
"12/28/25, 8:24 PM",https://www.changaneurope.com/Portals/0/adam/VehicleManagement/ItuoPcj3nkK9PJqrplTUdg/Images/2-S07-Black-Back.png?w=1920&h=960&quality=75&mode=crop&scale=both,Server error (5XX)
"12/28/25, 2:18 PM",https://www.changaneurope.com/Portals/0/adam/VehicleManagement/ItuoPcj3nkK9PJqrplTUdg/Images/2-S07-Black-Back.png?w=1920&h=960&quality=75&mode=crop&scale=both,Server error (5XX)
"12/28/25, 2:18 PM",https://www.changaneurope.com/Portals/0/adam/VehicleManagement/ItuoPcj3nkK9PJqrplTUdg/Images/3-S07-Black-roof.png?w=1920&h=960&quality=75&mode=crop&scale=both,Server error (5XX)
"12/27/25, 6:22 PM",https://www.changaneurope.com/Portals/0/adam/VehicleManagement/ItuoPcj3nkK9PJqrplTUdg/Images/3-S07-Black-roof.png?w=1920&h=960&quality=75&mode=crop&scale=both,Server error (5XX)
"12/27/25, 6:22 PM",https://www.changaneurope.com/Portals/0/adam/VehicleManagement/ItuoPcj3nkK9PJqrplTUdg/Images/2-S07-Black-Back.png?w=1920&h=960&quality=75&mode=crop&scale=both,Server error (5XX)
"12/27/25, 12:17 AM",https://www.changaneurope.com/Portals/0/adam/VehicleManagement/ItuoPcj3nkK9PJqrplTUdg/Images/3-S07-Black-roof.png?w=1920&h=960&quality=75&mode=crop&scale=both,Server error (5XX)
"12/27/25, 12:17 AM",https://www.changaneurope.com/Portals/0/adam/VehicleManagement/ItuoPcj3nkK9PJqrplTUdg/Images/2-S07-Black-Back.png?w=1920&h=960&quality=75&mode=crop&scale=both,Server error (5XX)
"12/26/25, 12:10 PM",https://www.changaneurope.com/Portals/0/adam/VehicleManagement/ItuoPcj3nkK9PJqrplTUdg/Images/3-S07-Black-roof.png?w=1920&h=960&quality=75&mode=crop&scale=both,Server error (5XX)
"12/26/25, 12:10 PM",https://www.changaneurope.com/Portals/0/adam/VehicleManagement/ItuoPcj3nkK9PJqrplTUdg/Images/2-S07-Black-Back.png?w=1920&h=960&quality=75&mode=crop&scale=both,Server error (5XX)
"12/25/25, 5:21 PM",https://www.changaneurope.com/Portals/0/adam/VehicleManagement/ItuoPcj3nkK9PJqrplTUdg/Images/3-S07-Black-roof.png?w=1920&h=960&quality=75&mode=crop&scale=both,Server error (5XX)
"12/25/25, 5:21 PM",https://www.changaneurope.com/Portals/0/adam/VehicleManagement/ItuoPcj3nkK9PJqrplTUdg/Images/2-S07-Black-Back.png?w=1920&h=960&quality=75&mode=crop&scale=both,Server error (5XX)
"12/25/25, 12:32 AM",https://www.changaneurope.com/Portals/0/adam/VehicleManagement/ItuoPcj3nkK9PJqrplTUdg/Images/2-S07-Black-Back.png?w=1920&h=960&quality=75&mode=crop&scale=both,Server error (5XX)
"12/24/25, 8:40 PM",https://www.changaneurope.com/Portals/0/adam/VehicleManagement/ItuoPcj3nkK9PJqrplTUdg/Images/3-S07-Black-roof.png?w=1920&h=960&quality=75&mode=crop&scale=both,Server error (5XX)
"12/24/25, 4:13 AM",https://www.changaneurope.com/Portals/0/adam/VehicleManagement/ItuoPcj3nkK9PJqrplTUdg/Images/2-S07-Black-Back.png?w=1920&h=960&quality=75&mode=crop&scale=both,Server error (5XX)
"12/24/25, 4:13 AM",https://www.changaneurope.com/Portals/0/adam/VehicleManagement/ItuoPcj3nkK9PJqrplTUdg/Images/3-S07-Black-roof.png?w=1920&h=960&quality=75&mode=crop&scale=both,Server error (5XX)
"12/23/25, 7:04 PM",https://www.changaneurope.com/Portals/0/adam/VehicleManagement/ItuoPcj3nkK9PJqrplTUdg/Images/3-S07-Black-roof.png?w=1920&h=960&quality=75&mode=crop&scale=both,Server error (5XX)
"12/23/25, 7:04 PM",https://www.changaneurope.com/Portals/0/adam/VehicleManagement/ItuoPcj3nkK9PJqrplTUdg/Images/2-S07-Black-Back.png?w=1920&h=960&quality=75&mode=crop&scale=both,Server error (5XX)
"12/22/25, 4:05 PM",https://www.changaneurope.com/Portals/0/adam/VehicleManagement/ItuoPcj3nkK9PJqrplTUdg/Images/3-S07-Black-roof.png?w=1920&h=960&quality=75&mode=crop&scale=both,Server error (5XX)
"12/22/25, 4:05 PM",https://www.changaneurope.com/Portals/0/adam/VehicleManagement/ItuoPcj3nkK9PJqrplTUdg/Images/2-S07-Black-Back.png?w=1920&h=960&quality=75&mode=crop&scale=both,Server error (5XX)
"12/19/25, 11:43 PM",https://www.changaneurope.com/Portals/0/adam/VehicleManagement/ItuoPcj3nkK9PJqrplTUdg/Images/3-S07-Black-roof.png?w=1920&h=960&quality=75&mode=crop&scale=both,Server error (5XX)
"12/19/25, 11:43 PM",https://www.changaneurope.com/Portals/0/adam/VehicleManagement/ItuoPcj3nkK9PJqrplTUdg/Images/2-S07-Black-Back.png?w=1920&h=960&quality=75&mode=crop&scale=both,Server error (5XX)
"12/18/25, 9:29 PM",https://www.changaneurope.com/Portals/0/adam/VehicleManagement/ItuoPcj3nkK9PJqrplTUdg/Images/3-S07-Black-roof.png?w=1920&h=960&quality=75&mode=crop&scale=both,Server error (5XX)
"12/18/25, 9:29 PM",https://www.changaneurope.com/Portals/0/adam/VehicleManagement/ItuoPcj3nkK9PJqrplTUdg/Images/2-S07-Black-Back.png?w=1920&h=960&quality=75&mode=crop&scale=both,Server error (5XX)
"12/14/25, 11:01 AM",https://www.changaneurope.com/Portals/0/adam/VehicleManagement/ItuoPcj3nkK9PJqrplTUdg/Images/2-S07-Black-Back.png?w=1920&h=960&quality=75&mode=crop&scale=both,Server error (5XX)
"12/14/25, 11:01 AM",https://www.changaneurope.com/Portals/0/adam/VehicleManagement/ItuoPcj3nkK9PJqrplTUdg/Images/3-S07-Black-roof.png?w=1920&h=960&quality=75&mode=crop&scale=both,Server error (5XX)
"12/13/25, 7:50 PM",https://www.changaneurope.com/Portals/0/adam/VehicleManagement/ItuoPcj3nkK9PJqrplTUdg/Images/2-S07-Black-Back.png?w=1920&h=960&quality=75&mode=crop&scale=both,Server error (5XX)
"12/13/25, 7:08 PM",https://www.changaneurope.com/Portals/0/adam/VehicleManagement/ItuoPcj3nkK9PJqrplTUdg/Images/3-S07-Black-roof.png?w=1920&h=960&quality=75&mode=crop&scale=both,Server error (5XX)
"12/6/25, 1:13 AM",https://www.changaneurope.com/es/user-authentication?returnurl=/es/configurador/deepal-s05,Server error (5XX)
"12/5/25, 4:03 PM",https://www.changaneurope.com/gr,Server error (5XX)
"12/5/25, 4:03 PM",https://www.changaneurope.com/nl,Server error (5XX)
"10/30/25, 5:38 AM",https://www.changaneurope.com/uk/models/changan-deepal-s07/,Server error (5XX)