Date,Total crawl requests,Total download size (Bytes),Average response time (ms)
2025-10-15,0,0,0
2025-10-16,0,0,0
2025-10-17,0,0,0
2025-10-18,0,0,0
2025-10-19,0,0,0
2025-10-20,0,0,0
2025-10-21,0,0,0
2025-10-22,0,0,0
2025-10-23,0,0,0
2025-10-24,0,0,0
2025-10-25,0,0,0
2025-10-26,0,0,0
2025-10-27,0,0,0
2025-10-28,0,0,0
2025-10-29,1,1998,1432
2025-10-30,0,0,0
2025-10-31,0,0,0
2025-11-01,0,0,0
2025-11-02,0,0,0
2025-11-03,0,0,0
2025-11-04,0,0,0
2025-11-05,0,0,0
2025-11-06,0,0,0
2025-11-07,0,0,0
2025-11-08,0,0,0
2025-11-09,0,0,0
2025-11-10,0,0,0
2025-11-11,0,0,0
2025-11-12,0,0,0
2025-11-13,0,0,0
2025-11-14,0,0,0
2025-11-15,0,0,0
2025-11-16,0,0,0
2025-11-17,0,0,0
2025-11-18,0,0,0
2025-11-19,0,0,0
2025-11-20,0,0,0
2025-11-21,0,0,0
2025-11-22,0,0,0
2025-11-23,0,0,0
2025-11-24,0,0,0
2025-11-25,0,0,0
2025-11-26,0,0,0
2025-11-27,0,0,0
2025-11-28,0,0,0
2025-11-29,0,0,0
2025-11-30,0,0,0
2025-12-01,0,0,0
2025-12-02,0,0,0
2025-12-03,0,0,0
2025-12-04,0,0,0
2025-12-05,3,2492,43022
2025-12-06,0,0,0
2025-12-07,0,0,0
2025-12-08,0,0,0
2025-12-09,0,0,0
2025-12-10,0,0,0
2025-12-11,0,0,0
2025-12-12,0,0,0
2025-12-13,6,26159,1136
2025-12-14,4,17436,1278
2025-12-15,0,0,0
2025-12-16,0,0,0
2025-12-17,0,0,0
2025-12-18,8,34877,1135
2025-12-19,4,17439,1126
2025-12-20,0,0,0
2025-12-21,0,0,0
2025-12-22,4,17439,1240
2025-12-23,16,69753,1117
2025-12-24,13,56689,1392
2025-12-25,8,34876,1102
2025-12-26,29,126468,1386
2025-12-27,16,69750,1172
2025-12-28,16,69753,1128
2025-12-29,21,91555,1234
2025-12-30,12,52316,1170
2025-12-31,4,17438,1138
2026-01-01,26,113357,1675
2026-01-02,21,88021,1046
2026-01-03,12,52320,1335
2026-01-04,14,61032,1172
2026-01-05,14,61032,1248
2026-01-06,10,43596,1199
2026-01-07,4,17436,1128
2026-01-08,23,100265,1140
2026-01-09,12,52314,1159
2026-01-10,10,43594,1070
2026-01-11,28,122073,1306